"name","age"
"Max",35
"Max",50
"Max",74
"Max",37
"Max",83
"Max",40
"Max",69
"Max",1
"Max",54
"Max",14
"Max",56
"Max",73
"Max",39
"Max",64
"Max",22
"Max",89
"Max",30
"Max",62
"Max",56
"Max",61
"Max",33
"Max",29
"Max",81
"Max",29
"Max",81
"Max",15
"Max",73
"Max",8
"Max",3
"Max",98
"Max",95
"Max",8
"Max",44
"Max",15
"Max",36
"Max",63
"Max",55
"Max",82
"Max",82
"Max",3
"Max",2
"Max",43
"Max",18
"Max",1
"Max",81
"Max",45
"Max",68
"Max",89
"Max",94
"Max",3
"Max",18
"Max",87
"Max",91
"Max",67
"Max",39
"Max",15
"Max",75
"Max",35
"Max",94
"Max",46
"Max",65
"Max",61
"Max",48
"Max",80
"Max",67
"Max",22
"Max",66
"Max",74
"Max",36
"Max",84
"Max",93
"Max",37
"Max",32
"Max",11
"Max",93
"Max",17
"Max",46
"Max",90
"Max",17
"Max",20
